{
    "scaling": {
        "dimensions": [
            64,
            128,
            256,
            512,
            1024
        ],
        "vpcm_latency": [
            0.00012171268463134766,
            1.9788742065429688e-05,
            0.00019700527191162108,
            0.0005191326141357422,
            0.005411314964294434
        ],
        "npu_latency": [
            7.431620360832403e-06,
            3.666210174560547e-05,
            0.00020736579899536736,
            0.0012078771591186523,
            0.007852760888591503
        ]
    },
    "robustness": {
        "noise_levels": [
            0.0,
            0.02631578947368421,
            0.05263157894736842,
            0.07894736842105263,
            0.10526315789473684,
            0.13157894736842105,
            0.15789473684210525,
            0.18421052631578946,
            0.21052631578947367,
            0.23684210526315788,
            0.2631578947368421,
            0.2894736842105263,
            0.3157894736842105,
            0.3421052631578947,
            0.3684210526315789,
            0.39473684210526316,
            0.42105263157894735,
            0.4473684210526315,
            0.47368421052631576,
            0.5
        ],
        "vpcm_stability": [
            0.9999999999965771,
            0.9919655527314921,
            0.9744291236494332,
            0.9556863235240297,
            0.934123196231546,
            0.9309595691246474,
            0.9295390845586897,
            0.9172906294917365,
            0.9313052442703349,
            0.9207163604896601,
            0.915784680102761,
            0.9200834121299821,
            0.914560967709513,
            0.918449976500355,
            0.925947452114057,
            0.9165307147609353,
            0.9240062191353449,
            0.9225544958943278,
            0.9128040863133641,
            0.9205207532894926
        ],
        "npu_stability": [
            1.0,
            0.7916666666666667,
            0.6551724137931035,
            0.5588235294117647,
            0.4871794871794872,
            0.4318181818181818,
            0.3877551020408163,
            0.35185185185185186,
            0.3220338983050848,
            0.296875,
            0.2753623188405797,
            0.25675675675675674,
            0.24050632911392406,
            0.22619047619047622,
            0.21348314606741572,
            0.20212765957446807,
            0.19191919191919193,
            0.1826923076923077,
            0.1743119266055046,
            0.16666666666666666
        ]
    }
}