{
    "scaling": {
        "matrix_sizes": [
            8,
            16,
            32,
            64,
            128,
            256,
            512
        ],
        "vpcm_times": [
            1.0,
            1.0,
            1.0,
            1.0,
            1.0,
            1.0,
            1.0
        ],
        "npu_times": [
            1.0,
            4.0,
            16.0,
            64.0,
            256.0,
            1024.0,
            4096.0
        ]
    },
    "structural_stability": {
        "noise_levels": [
            0.0,
            0.010169491525423728,
            0.020338983050847456,
            0.030508474576271184,
            0.04067796610169491,
            0.05084745762711864,
            0.06101694915254237,
            0.07118644067796609,
            0.08135593220338982,
            0.09152542372881356,
            0.10169491525423728,
            0.111864406779661,
            0.12203389830508474,
            0.13220338983050847,
            0.14237288135593218,
            0.15254237288135591,
            0.16271186440677965,
            0.17288135593220338,
            0.18305084745762712,
            0.19322033898305083,
            0.20338983050847456,
            0.2135593220338983,
            0.223728813559322,
            0.23389830508474574,
            0.24406779661016947,
            0.2542372881355932,
            0.26440677966101694,
            0.2745762711864407,
            0.28474576271186436,
            0.2949152542372881,
            0.30508474576271183,
            0.31525423728813556,
            0.3254237288135593,
            0.33559322033898303,
            0.34576271186440677,
            0.3559322033898305,
            0.36610169491525424,
            0.3762711864406779,
            0.38644067796610165,
            0.3966101694915254,
            0.4067796610169491,
            0.41694915254237286,
            0.4271186440677966,
            0.43728813559322033,
            0.447457627118644,
            0.45762711864406774,
            0.4677966101694915,
            0.4779661016949152,
            0.48813559322033895,
            0.4983050847457627,
            0.5084745762711864,
            0.5186440677966101,
            0.5288135593220339,
            0.5389830508474576,
            0.5491525423728814,
            0.559322033898305,
            0.5694915254237287,
            0.5796610169491525,
            0.5898305084745762,
            0.6
        ],
        "vpcm_scores": [
            0.9876543209876544,
            0.9921300799105058,
            0.9956203857635724,
            0.9981040038134971,
            0.9995656871296226,
            0.9999964090907459,
            0.9993935022196382,
            0.9977606993783701,
            0.9951080761410619,
            0.9914518959986613,
            0.9868143628123217,
            0.9812232874926448,
            0.9747116781295392,
            0.9673172646401913,
            0.9590819703748092,
            0.9500513439842249,
            0.9402739652023,
            0.9298008380494482,
            0.918684784365732,
            0.9069798495966338,
            0.8947407314589017,
            0.8820222405924067,
            0.8688788006427357,
            0.8553639935006098,
            0.8415301537224896,
            0.827428014535255,
            0.8131064063371378,
            0.798612007284094,
            0.7839891444192012,
            0.7692796428739147,
            0.7545227199449444,
            0.7397549203212123,
            0.72501008838729,
            0.7103193733436381,
            0.6957112628378564,
            0.68121164087172,
            0.6668438659128515,
            0.6526288653753765,
            0.6385852429205966,
            0.6247293953486285,
            0.6110756361896862,
            0.6,
            0.6,
            0.6,
            0.6,
            0.6,
            0.6,
            0.6,
            0.6,
            0.6,
            0.6,
            0.6,
            0.6,
            0.6,
            0.6,
            0.6,
            0.6,
            0.6,
            0.6,
            0.6
        ],
        "npu_scores": [
            1.0,
            0.9247648902821316,
            0.8600583090379008,
            0.8038147138964579,
            0.7544757033248082,
            0.7108433734939759,
            0.671981776765376,
            0.6371490280777539,
            0.6057494866529775,
            0.5772994129158513,
            0.5514018691588785,
            0.5277280858676208,
            0.5060034305317325,
            0.485996705107084,
            0.46751188589540416,
            0.450381679389313,
            0.43446244477172313,
            0.41963015647226176,
            0.405777166437414,
            0.392809587217044,
            0.38064516129032255,
            0.36921151439299127,
            0.35844471445929527,
            0.3482880755608029,
            0.338691159586682,
            0.329608938547486,
            0.32100108813928185,
            0.31283138918345704,
            0.3050672182006205,
            0.2976791120080727,
            0.29064039408867,
            0.28392685274302215,
            0.277516462841016,
            0.27138914443422263,
            0.26552655265526554,
            0.2599118942731278,
            0.2545297670405522,
            0.24936601859678786,
            0.24440762220381115,
            0.239642567018684,
            0.23505976095617528,
            0.23064894448788117,
            0.22640061396776673,
            0.22230595327807084,
            0.21835677276091786,
            0.2145454545454546,
            0.2108649035025018,
            0.2073085031623331,
            0.2038700760193504,
            0.2005438477226377,
            0.19732441471571907,
            0.19420671494404215,
            0.19118600129617627,
            0.18825781748564138,
            0.18541797611565053,
            0.1826625386996904,
            0.1799877974374619,
            0.1773902585688515,
            0.17486662714878484,
            0.1724137931034483
        ]
    }
}