{
    "scaling": {
        "matrix_sizes": [
            8,
            16,
            32,
            64,
            128,
            256,
            512
        ],
        "vpcm_times": [
            1.0,
            1.0,
            1.0,
            1.0,
            1.0,
            1.0,
            1.0
        ],
        "npu_times": [
            1.0,
            4.0,
            16.0,
            64.0,
            256.0,
            1024.0,
            4096.0
        ]
    },
    "noise_robustness": {
        "noise_levels": [
            0.0,
            0.01020408163265306,
            0.02040816326530612,
            0.030612244897959183,
            0.04081632653061224,
            0.0510204081632653,
            0.061224489795918366,
            0.07142857142857142,
            0.08163265306122448,
            0.09183673469387754,
            0.1020408163265306,
            0.11224489795918366,
            0.12244897959183673,
            0.13265306122448978,
            0.14285714285714285,
            0.1530612244897959,
            0.16326530612244897,
            0.17346938775510204,
            0.18367346938775508,
            0.19387755102040816,
            0.2040816326530612,
            0.21428571428571427,
            0.22448979591836732,
            0.2346938775510204,
            0.24489795918367346,
            0.25510204081632654,
            0.26530612244897955,
            0.2755102040816326,
            0.2857142857142857,
            0.29591836734693877,
            0.3061224489795918,
            0.31632653061224486,
            0.32653061224489793,
            0.336734693877551,
            0.3469387755102041,
            0.3571428571428571,
            0.36734693877551017,
            0.37755102040816324,
            0.3877551020408163,
            0.39795918367346933,
            0.4081632653061224,
            0.4183673469387755,
            0.42857142857142855,
            0.4387755102040816,
            0.44897959183673464,
            0.4591836734693877,
            0.4693877551020408,
            0.47959183673469385,
            0.4897959183673469,
            0.5
        ],
        "vpcm_scores": [
            1.0,
            0.9979633401221996,
            0.9959349593495934,
            0.9939148073022311,
            0.9919028340080971,
            0.98989898989899,
            0.9879032258064517,
            0.9859154929577465,
            0.9839357429718876,
            0.9819639278557114,
            0.98,
            0.9780439121756487,
            0.9760956175298804,
            0.9741550695825049,
            0.9722222222222223,
            0.9702970297029704,
            0.9683794466403163,
            0.9664694280078896,
            0.9645669291338582,
            0.962671905697446,
            0.9607843137254901,
            0.958904109589041,
            0.9570312499999999,
            0.9551656920077973,
            0.953307392996109,
            0.9514563106796117,
            0.9496124031007752,
            0.9477756286266925,
            0.9459459459459459,
            0.9441233140655105,
            0.9423076923076923,
            0.9404990403071016,
            0.9386973180076629,
            0.936902485659656,
            0.935114503816794,
            0.9333333333333333,
            0.9315589353612167,
            0.9297912713472486,
            0.928030303030303,
            0.9262759924385633,
            0.9245283018867924,
            0.9227871939736347,
            0.9210526315789475,
            0.9193245778611633,
            0.9176029962546817,
            0.9158878504672897,
            0.914179104477612,
            0.9124767225325884,
            0.9107806691449813,
            0.9090909090909091
        ],
        "npu_scores": [
            1.0,
            0.9514563106796117,
            0.9074074074074076,
            0.8672566371681415,
            0.8305084745762712,
            0.7967479674796748,
            0.7656249999999999,
            0.7368421052631579,
            0.7101449275362319,
            0.6853146853146853,
            0.6621621621621622,
            0.6405228758169935,
            0.620253164556962,
            0.6012269938650306,
            0.5833333333333334,
            0.5664739884393064,
            0.550561797752809,
            0.5355191256830601,
            0.5212765957446809,
            0.5077720207253886,
            0.494949494949495,
            0.48275862068965525,
            0.4711538461538462,
            0.4600938967136151,
            0.4495412844036697,
            0.43946188340807174,
            0.4298245614035088,
            0.4206008583690987,
            0.411764705882353,
            0.4032921810699588,
            0.3951612903225807,
            0.38735177865612647,
            0.3798449612403101,
            0.3726235741444867,
            0.3656716417910448,
            0.358974358974359,
            0.3525179856115108,
            0.3462897526501767,
            0.3402777777777778,
            0.3344709897610922,
            0.3288590604026846,
            0.32343234323432346,
            0.3181818181818182,
            0.31309904153354634,
            0.30817610062893086,
            0.30340557275541796,
            0.2987804878048781,
            0.29429429429429427,
            0.28994082840236685,
            0.2857142857142857
        ]
    }
}