{
    "results": {
        "DOG": -5885.46435546875,
        "CAT": -4595.208984375,
        "DIG": -5233.986328125,
        "LOG": -5299.80615234375,
        "BOX": -5621.28759765625
    },
    "ranking": [
        [
            "CAT",
            -4595.208984375
        ],
        [
            "DIG",
            -5233.986328125
        ],
        [
            "LOG",
            -5299.80615234375
        ],
        [
            "BOX",
            -5621.28759765625
        ],
        [
            "DOG",
            -5885.46435546875
        ]
    ]
}