{
    "results": {
        "DOG": -5885.4638671875,
        "CAT": -4595.2109375,
        "DIG": -5233.986328125,
        "LOG": -5299.806640625,
        "BOX": -5621.2861328125
    },
    "ranking": [
        [
            "CAT",
            -4595.2109375
        ],
        [
            "DIG",
            -5233.986328125
        ],
        [
            "LOG",
            -5299.806640625
        ],
        [
            "BOX",
            -5621.2861328125
        ],
        [
            "DOG",
            -5885.4638671875
        ]
    ]
}