{
    "DOG": -4425.34521484375,
    "CAT": -4595.208984375,
    "DIG": -5233.986328125,
    "LOG": -4627.36572265625,
    "BOX": -4921.58203125
}