{
    "N": 256,
    "cpu_ms": 26.189804077148438,
    "gpu_ms": 106.18376731872559,
    "ane_ms": 51.119089126586914
}