{
    "N": 64,
    "gpu": {
        "pkgf_ms": 0.17360210418701172,
        "mlp_ms": 1.4616179466247559,
        "speedup": 8.419356167769934
    },
    "cpu": {
        "pkgf_ms": 0.009250640869140625,
        "mlp_ms": 1.8380045890808105,
        "speedup": 198.68943298969072
    }
}