{
    "N": 64,
    "pkgf_ms": 0.057501792907714844,
    "mlp_ms": 1.3484406471252441,
    "speedup": 23.450410481797828
}