{
    "dimension": 256,
    "pkgf_ane_ms": 0.18685102462768555,
    "std_ane_ms": 0.12980937957763672
}