{
    "dimension": 512,
    "ane_dynamic_ms": 0.04279613494873047,
    "pkgf_dynamic_ms": 0.8087897300720215,
    "ratio": 0.05291379620370133
}