{
    "initial_rank": 336.218445,
    "final_rank":   4.186475,
    "max_rank": 336.218445,
    "rank_jump_detected": false,
    "final_stability":   0.410840
}
