{
    "initial_rank": 344.461578,
    "final_rank":  43.456543,
    "max_rank": 344.461578,
    "rank_jump":   0.000000
}
