{
    "initial_rank": 27.449147562306614,
    "final_rank": 5.015904187184451,
    "max_rank": 27.449147562306614,
    "rank_jump_detected": false,
    "final_stability": -0.034584848162372527
}