{
    "initial_rank": 4.882698302498083,
    "final_rank": 2.452749349790932,
    "max_rank": 4.882698302498083,
    "rank_jump": 0.0
}