{
    "N": 256,
    "cpu_ms": 40.374040603637695,
    "gpu_ms": 46.079158782958984,
    "ane_ms": 55.77492713928223
}