{
    "A_then_B_final": 0.24174357440880048,
    "B_then_A_final": 0.17723920433246423,
    "is_non_commutative": true
}